dateopen,open
2018-06-13,6596.879883
2018-06-14,6342.75
2018-06-15,6674.080078
2018-06-16,6455.450195
2018-06-17,6545.529785
2018-06-18,6510.069824
2018-06-19,6742.390137
2018-06-20,6770.759766
2018-06-21,6780.089844
2018-06-22,6737.879883
2018-06-23,6090.100098
2018-06-24,6164.279785
2018-06-25,6171.970215
2018-06-26,6253.549805
2018-06-27,6084.399902
2018-06-28,6153.160156
2018-06-29,5898.129883
2018-06-30,6214.220215
2018-07-01,6411.680176
2018-07-02,6380.379883
2018-07-03,6596.660156
2018-07-04,6550.870117
2018-07-05,6599.709961
2018-07-06,6638.689941
2018-07-07,6668.709961
2018-07-08,6857.799805
2018-07-09,6775.080078
2018-07-10,6739.209961
2018-07-11,6330.77002
2018-07-12,6396.779785
2018-07-13,6235.029785
2018-07-14,6247.5
2018-07-15,6272.700195
2018-07-16,6357.009766
2018-07-17,6739.649902
2018-07-18,7315.319824
2018-07-19,7378.200195
2018-07-20,7467.399902
2018-07-21,7352.720215
2018-07-22,7417.799805
2018-07-23,7414.709961
2018-07-24,7716.509766
2018-07-25,8379.660156
2018-07-26,8176.850098
2018-07-27,7950.399902
2018-07-28,8169.060059
2018-07-29,8205.820313
2018-07-30,8221.58
2018-07-31,8181.2
2018-08-01,7769.04
2018-08-02,7634.19
2018-08-03,7562.14
2018-08-04,7438.67
2018-08-05,7031.08
2018-08-06,7062.94
2018-08-07,6958.32
2018-08-08,6746.85
2018-08-09,6305.56
2018-08-10,6571.42
2018-08-11,6185.79
2018-08-12,6283.65
2018-08-13,6341.36
2018-08-14,6287.66
2018-08-15,6221.42
2018-08-16,6294.23
2018-08-17,6340.91
2018-08-18,6583.43
2018-08-19,6422.57
2018-08-20,6500.51
2018-08-21,6301.07
2018-08-22,6486.25
2018-08-23,6371.34
2018-08-24,6551.52
2018-08-25,6719.95
2018-08-26,6754.64
2018-08-27,6710.8
2018-08-28,6891.08
2018-08-29,7091.71
2018-08-30,7043.76
2018-08-31,6973.97
2018-09-01,7044.81
2018-09-02,7189.58
2018-09-03,7279.03
2018-09-04,7263
2018-09-05,7361.46
2018-09-06,6755.14
2018-09-07,6528.92
2018-09-08,6460.17
2018-09-09,6223.38
2018-09-10,6301.57
2018-09-11,6331.88
2018-09-12,6317.01
2018-09-13,6354.24
2018-09-14,6515.41
2018-09-15,6509.4
2018-09-16,6536.68
2018-09-17,6514.06
2018-09-18,6280.91
2018-09-19,6371.85
2018-09-20,6398.85
2018-09-21,6513.87
2018-09-22,6735.05
2018-09-23,6715.32
2018-09-24,6704.77
2018-09-25,6603.64
2018-09-26,6452.79
2018-09-27,6495.29
2018-09-28,6678.75
2018-09-29,6643.1
2018-09-30,6604.71
2018-10-01,6619.85
2018-10-02,6593.24
2018-10-03,6553.86
2018-10-04,6497.91
2018-10-05,6574.15
2018-10-06,6622.45
2018-10-07,6590.68
2018-10-08,6600.19
2018-10-09,6653.08
2018-10-10,6640.29
2018-10-11,6586.74
2018-10-12,6239.25
2018-10-13,6278.08
2018-10-14,6288.49
2018-10-15,6292.64
2018-10-16,6601.41
2018-10-17,6590.52
2018-10-18,6542.33
2018-10-19,6478.07
2018-10-20,6460.92
2018-10-21,6490.09
2018-10-22,6486.05
2018-10-23,6472.36
2018-10-24,6478.89
2018-10-25,6484.65
2018-10-26,6468.44
2018-10-27,6480.84
2018-10-28,6482.66
2018-10-29,6492.35
2018-10-30,6337.04
2018-10-31,6336.99
2018-11-01,6318.14
2018-11-02,6378.92
2018-11-03,6387.24
2018-11-04,6365.47
2018-11-05,6363.62
2018-11-06,6433.38
2018-11-07,6468.5
2018-11-08,6522.27
2018-11-09,6442.6
2018-11-10,6386.13
2018-11-11,6413.63
2018-11-12,6411.76
2018-11-13,6373.19
2018-11-14,6351.24
2018-11-15,5736.15
2018-11-16,5645.32
2018-11-17,5578.58
2018-11-18,5559.74
2018-11-19,5620.78
2018-11-20,4863.93
2018-11-21,4465.54
2018-11-22,4611.57
2018-11-23,4360.7
2018-11-24,4347.69
2018-11-25,3880.78
2018-11-26,4015.07
2018-11-27,3765.95
2018-11-28,3822.47
2018-11-29,4269.004395
2018-11-30,4289.088967
2018-12-01,4024.464242
2018-12-02,4200.73318
2018-12-03,4147.323767
2018-12-04,3886.294876
2018-12-05,3958.894725
2018-12-06,3754.074467
2018-12-07,3512.590409
2018-12-08,3421.910404
2018-12-09,3473.22762
2018-12-10,3612.046395
2018-12-11,3497.554734
2018-12-12,3421.458373
2018-12-13,3487.879358
2018-12-14,3311.751914
2018-12-15,3243.99754
2018-12-16,3236.274773
2018-12-17,3253.122993
2018-12-18,3544.761565
2018-12-19,3706.82485
2018-12-20,3742.195183
2018-12-21,4133.703587
2018-12-22,3898.083677
2018-12-23,4020.994674
2018-12-24,4000.331782
2018-12-25,4081.030471
2018-12-26,3819.666691
2018-12-27,3854.688573
2018-12-28,3653.131929
2018-12-29,3932.491809
2018-12-30,3822.384835
2018-12-31,3866.838999
2019-01-01,3746.713387
2019-01-02,3849.216409
2019-01-03,3931.048638
2019-01-04,3832.039968
2019-01-05,3851.973965
2019-01-06,3836.519158
2019-01-07,4078.585055
2019-01-08,4028.472072
2019-01-09,4031.552016
2019-01-10,4034.411445
2019-01-11,3674.015431
2019-01-12,3686.973097
2019-01-13,3658.868117
2019-01-14,3557.311132
2019-01-15,3704.216308
2019-01-16,3631.509871
2019-01-17,3651.870986
2019-01-18,3677.990584
2019-01-19,3652.377835
2019-01-20,3725.446125
2019-01-21,3600.372739
2019-01-22,3575.08124
2019-01-23,3605.557022
2019-01-24,3584.500301
2019-01-25,3607.390384
2019-01-26,3599.715363
2019-01-27,3604.687267
2019-01-28,3584.283279
2019-01-29,3468.870155
2019-01-30,3443.897062
2019-01-31,3485.40929
2019-02-01,3460.547124
2019-02-02,3484.62588
2019-02-03,3516.139568
2019-02-04,3467.211666
2019-02-05,3454.950814
2019-02-06,3469.091701
2019-02-07,3414.929539
2019-02-08,3401.376433
2019-02-09,3671.585957
2019-02-10,3673.201537
2019-02-11,3695.613039
2019-02-12,3642.751859
2019-02-13,3653.603991
2019-02-14,3631.170193
2019-02-15,3617.368367
2019-02-16,3615.270267
2019-02-17,3633.35948
2019-02-18,3671.369989
2019-02-19,3911.661521
2019-02-20,3946.684985
2019-02-21,4000.256787
2019-02-22,3952.406374
2019-02-23,3998.916273
2019-02-24,4145.457862
2019-02-25,3807.002446
2019-02-26,3878.697318
2019-02-27,3857.479782
2019-02-28,3848.262026
2019-03-01,3853.757132
2019-03-02,3855.318222
2019-03-03,3862.266166
2019-03-04,3845.091558
2019-03-05,3759.832441
2019-03-06,3897.081063
2019-03-07,3903.3848
2019-03-08,3913.225936
2019-03-09,3894.552526
2019-03-10,3966.174233
2019-03-11,3953.740174
2019-03-12,3903.758294
2019-03-13,3913.047443
2019-03-14,3905.576999
2019-03-15,3926.663231
2019-03-16,3963.90012
2019-03-17,4047.719571
2019-03-18,4029.968458
2019-03-19,4032.692007
2019-03-20,4070.794018
2019-03-21,4083.953893
2019-03-22,4028.514563
2019-03-23,4022.713307
2019-03-24,4035.163545
2019-03-25,4024.11268
2019-03-26,3969.228856
2019-03-27,3984.244819
2019-03-28,4087.584591
2019-03-29,4068.299891
2019-03-30,4092.136164
2019-03-31,4105.456177
2019-04-01,4105.362421
2019-04-02,4156.919643
2019-04-03,4879.958133
2019-04-04,4971.307741
2019-04-05,4922.806118
2019-04-06,5036.793024
2019-04-07,5062.793761
2019-04-08,5199.835378
2019-04-09,5289.917981
2019-04-10,5204.105308
2019-04-11,5325.081555
2019-04-12,5061.200887
2019-04-13,5088.849973
2019-04-14,5095.758634
2019-04-15,5167.321983
2019-04-16,5066.577601
2019-04-17,5236.13524
2019-04-18,5251.480692
2019-04-19,5298.154529
2019-04-20,5304.16054
2019-04-21,5335.878966
2019-04-22,5312.494642
2019-04-23,5399.365705
2019-04-24,5571.508177
2019-04-25,5466.524277
2019-04-26,5210.30492
2019-04-27,5279.471142
2019-04-28,5271.746394
2019-04-29,5284.858522
2019-04-30,5247.725882
2019-05-01,5350.914506
2019-05-02,5402.422865
2019-05-03,5505.55238
2019-05-04,5769.202533
2019-05-05,5831.068461
2019-05-06,5791.693267
2019-05-07,5745.599049
2019-05-08,5849.48135
2019-05-09,5982.31627
2019-05-10,6175.822738
2019-05-11,6379.666905
2019-05-12,7203.507522
2019-05-13,6971.178206
2019-05-14,7807.884449
2019-05-15,7989.374505
2019-05-16,8194.500903
2019-05-17,7886.925993
2019-05-18,7341.664419
2019-05-19,7267.963019
2019-05-20,8196.923935
2019-05-21,7977.96937
2019-05-22,7956.292149
2019-05-23,7677.268834
2019-05-24,7881.695321
2019-05-25,7991.885039
2019-05-26,8055.205919
2019-05-27,8674.072403
2019-05-28,8802.7582
2019-05-29,8718.591329
2019-05-30,8661.760506
2019-05-31,8320.286376
2019-06-01,8573.839725
2019-06-02,8565.473262
2019-06-03,8741.747216
2019-06-04,8210.985824
2019-06-05,7704.34318
2019-06-06,7819.633378
2019-06-07,7826.901265
2019-06-08,8036.774936
2019-06-09,7949.674706
2019-06-10,7692.284679
2019-06-11,8004.243542
2019-06-12,7925.434104
2019-06-13,8145.54523
2019-06-14,8230.898774
2019-06-15,8689.746414
2019-06-16,8841.440784
2019-06-17,8988.923709
2019-06-18,9335.466902
2019-06-19,9078.727603
2019-06-20,9273.060783
2019-06-21,9525.074608
2019-06-22,10175.92396
2019-06-23,10696.69093
2019-06-24,10853.74384
2019-06-25,11007.20207
2019-06-26,11778.58113
2019-06-27,13017.12487
2019-06-28,11162.16783
2019-06-29,12400.76369
2019-06-30,11931.99073
2019-07-01,10796.93062
2019-07-02,10588.68369
2019-07-03,10818.15582
2019-07-04,11972.71858
2019-07-05,11203.10249
2019-07-06,10982.54391
2019-07-07,11217.61593
2019-07-08,11446.59716
2019-07-09,12284.32646
2019-07-10,12571.53716
2019-07-11,12139.71384
2019-07-12,11354.29962
2019-07-13,11813.12732
2019-07-14,11381.0209
2019-07-15,10257.83854
2019-07-16,10896.65333
2019-07-17,9471.214001
2019-07-18,9698.50274
2019-07-19,10653.95644
2019-07-20,10525.819
2019-07-21,10777.52969
2019-07-22,10596.94807
2019-07-23,10346.7477
2019-07-24,9887.730844
2019-07-25,9809.096908
2019-07-26,9913.127189
2019-07-27,9871.164991
2019-07-28,9491.626887
2019-07-29,9548.178894
2019-07-30,9522.328955
2019-07-31,9604.051159
2019-08-01,10077.44259
2019-08-02,10402.04343
2019-08-03,10519.27835
2019-08-04,10821.63294
2019-08-05,10960.73573
2019-08-06,11811.54503
2019-08-07,11476.19344
2019-08-08,11954.04034
2019-08-09,11953.46954
2019-08-10,11861.5567
2019-08-11,11349.73989
2019-08-12,11528.18937
2019-08-13,11385.0525
2019-08-14,10889.48774
2019-08-15,10038.42171
2019-08-16,10319.42035
2019-08-17,10358.72254
2019-08-18,10233.0063
2019-08-19,10350.28363
2019-08-20,10916.34672
2019-08-21,10764.57275
2019-08-22,10142.52143
2019-08-23,10136.30953
2019-08-24,10407.64423
2019-08-25,10160.73702
2019-08-26,10126.29952
2019-08-27,10372.8263
2019-08-28,10203.4268
2019-08-29,9756.785707
2019-08-30,9514.844852
2019-08-31,9597.539448
2019-09-01,9630.593196
2019-09-02,9757.473237
2019-09-03,10345.72514
2019-09-04,10621.18033
2019-09-05,10588.18402
2019-09-06,10578.19783
2019-09-07,10353.93158
2019-09-08,10518.11412
2019-09-09,10443.2285
2019-09-10,10336.40841
2019-09-11,10123.03473
2019-09-12,10176.81936
2019-09-13,10415.36253
2019-09-14,10345.40376
2019-09-15,10356.46577
2019-09-16,10347.22226
2019-09-17,10281.51332
2019-09-18,10247.79608
2019-09-19,10200.49588
2019-09-20,10266.31853
2019-09-21,10183.6481
2019-09-22,10024.11526
2019-09-23,10067.96265
2019-09-24,9729.321397
2019-09-25,8603.428672
2019-09-26,8487.669586
2019-09-27,8113.10095
2019-09-28,8251.273623
2019-09-29,8246.037377
2019-09-30,8104.226367
2019-10-01,8299.721105
2019-10-02,8344.212649
2019-10-03,8390.774288
2019-10-04,8259.494475
2019-10-05,8210.149092
2019-10-06,8149.876882
2019-10-07,7989.120447
2019-10-08,8246.849629
2019-10-09,8229.840461
2019-10-10,8585.279847
2019-10-11,8585.262808
2019-10-12,8315.664653
2019-10-13,8336.902231
2019-10-14,8320.832244
2019-10-15,8373.458255
2019-10-16,8204.67452
2019-10-17,8047.812743
2019-10-18,8100.933616
2019-10-19,7973.803768
2019-10-20,7997.807022
2019-10-21,8225.115188
2019-10-22,8243.402092
2019-10-23,8076.228466
2019-10-24,7509.728183
2019-10-25,7490.703176
2019-10-26,8667.577155
2019-10-27,9241.707075
2019-10-28,9565.101883
2019-10-29,9248.440562
2019-10-30,9422.463325
2019-10-31,9202.457589
2019-11-01,9193.991989
2019-11-02,9259.783003
2019-11-03,9324.786832
2019-11-04,9235.607065
2019-11-05,9413.004943
2019-11-06,9340.86428
2019-11-07,9352.393467
2019-11-08,9265.368337
2019-11-09,8809.469198
2019-11-10,8812.489533
2019-11-11,9056.917701
2019-11-12,8759.751901
2019-11-13,8812.033629
2019-11-14,8811.936332
2019-11-15,8705.708101
2019-11-16,8491.166317
2019-11-17,8549.470909
2019-11-18,8573.980092
2019-11-19,8305.134291
2019-11-20,8203.61318
2019-11-21,8023.644687
2019-11-22,7643.569425
2019-11-23,7296.164425
2019-11-24,7398.633906
2019-11-25,7039.977035
2019-11-26,7145.159086
2019-11-27,7220.88065
2019-11-28,7536.820104
2019-11-29,7466.72729
2019-11-30,7764.057262
2019-12-01,7571.616194
2019-12-02,7424.036197
2019-12-03,7323.975403
2019-12-04,7320.125066
2019-12-05,7253.241893
2019-12-06,7450.561657
2019-12-07,7547.265443
2019-12-08,7551.339005
2019-12-09,7561.795171
2019-12-10,7397.134228
2019-12-11,7277.197699
2019-12-12,7216.738862
2019-12-13,7244.662237
2019-12-14,7268.902712
2019-12-15,7124.239525
2019-12-16,7153.663228
2019-12-17,6931.315218
2019-12-18,6647.698469
2019-12-19,7277.590992
2019-12-20,7208.636959
2019-12-21,7220.593553
2019-12-22,7191.188703
2019-12-23,7508.902556
2019-12-24,7354.392838
2019-12-25,7325.755891
2019-12-26,7274.799428
2019-12-27,7238.14118
2019-12-28,7289.03113
2019-12-29,7317.647588
2019-12-30,7420.272788
2019-12-31,7294.438896
2020-01-01,7194.891971
2020-01-02,7202.551122
2020-01-03,6984.428612
2020-01-04,7345.375275
2020-01-05,7410.451694
2020-01-06,7410.452168
2020-01-07,7768.681891
2020-01-08,8161.935477
2020-01-09,8082.296074
2020-01-10,7878.307538
2020-01-11,8162.191138
2020-01-12,8033.261846
2020-01-13,8189.772064
2020-01-14,8140.933096
2020-01-15,8825.343685
2020-01-16,8812.481491
2020-01-17,8725.209964
2020-01-18,8927.21226
2020-01-19,8941.445745
2020-01-20,8704.631814
2020-01-21,8658.991183
2020-01-22,8744.210751
2020-01-23,8680.65056
2020-01-24,8405.567733
2020-01-25,8440.119587
2020-01-26,8364.41007
2020-01-27,8597.308779
2020-01-28,8912.52434
2020-01-29,9357.470379
2020-01-30,9316.016978
2020-01-31,9508.313142
2020-02-01,9346.357628
2020-02-02,9389.820591
2020-02-03,9344.683679
2020-02-04,9292.8419
2020-02-05,9183.415777
2020-02-06,9617.821045
2020-02-07,9726.003157
2020-02-08,9793.07042
2020-02-09,9863.894881
2020-02-10,10115.55969
2020-02-11,9855.891709
2020-02-12,10202.38765
2020-02-13,10323.96049
2020-02-14,10211.55039
2020-02-15,10313.85684
2020-02-16,9889.179705
2020-02-17,9936.56026
2020-02-18,9691.230945
2020-02-19,10143.79836
2020-02-20,9629.32531
2020-02-21,9611.78202
2020-02-22,9687.70676
2020-02-23,9663.318642
2020-02-24,9921.583461
2020-02-25,9651.312799
2020-02-26,9338.29028
2020-02-27,8825.093518
2020-02-28,8788.728547
2020-02-29,8671.212542
2020-03-01,8599.758344
2020-03-02,8563.264259
2020-03-03,8865.387965
2020-03-04,8788.542186
2020-03-05,8760.28504
2020-03-06,9078.308529
2020-03-07,9121.600536
2020-03-08,8908.206015
2020-03-09,8111.146392
2020-03-10,7922.147042
2020-03-11,7910.089807
2020-03-12,7913.616388
2020-03-13,5017.830839
2020-03-14,5573.07765
2020-03-15,5201.066687
2020-03-16,5385.229522
2020-03-17,5002.578138
2020-03-18,5227.113689
2020-03-19,5245.416603
2020-03-20,6191.653721
2020-03-21,6206.52165
2020-03-22,6185.557903
2020-03-23,5831.374735
2020-03-24,6436.642451
2020-03-25,6738.71664
2020-03-26,6675.170655
2020-03-27,6719.388974
2020-03-28,6467.254046
2020-03-29,6245.624627
2020-03-30,5925.538489
2020-03-31,6430.606528
2020-04-01,6437.319215
2020-04-02,6606.776268
2020-04-03,6797.396592
2020-04-04,6738.38302
2020-04-05,6862.537826
2020-04-06,6788.049803
2020-04-07,7273.644211
2020-04-08,7179.283418
2020-04-09,7337.966183
2020-04-10,7303.815198
2020-04-11,6867.440452
2020-04-12,6858.068025
2020-04-13,6965.616638
2020-04-14,6843.281777
2020-04-15,6845.561717
2020-04-16,6640.453889
2020-04-17,7116.552609
2020-04-18,7092.291523
2020-04-19,7260.922579
2020-04-20,7186.873741
2020-04-21,6879.78435
2020-04-22,6879.4403
2020-04-23,7121.306059
2020-04-24,7434.181556
2020-04-25,7550.483012
2020-04-26,7570.138938
2020-04-27,7679.418951
2020-04-28,7796.970441
2020-04-29,7806.712564
2020-04-30,8797.67005
2020-05-01,8672.781914
2020-05-02,8869.057619
2020-05-03,8983.614149
2020-05-04,8895.744874
2020-05-05,8912.83216
2020-05-06,9007.441256
2020-05-07,9261.895058
2020-05-08,9936.162482
2020-05-09,9840.906384
2020-05-10,9591.169231
2020-05-11,8755.535639
2020-05-12,8610.386212
2020-05-13,8805.387813
2020-05-14,9271.328638
2020-05-15,9734.290775
2020-05-16,9333.239873
2020-05-17,9374.929987
2020-05-18,9675.69498
2020-05-19,9727.063604
2020-05-20,9725.329365
2020-05-21,9522.740083
2020-05-22,9080.334738
2020-05-23,9185.062727
2020-05-24,9212.283404
2020-05-25,8786.107695
2020-05-26,8909.586073
2020-05-27,8837.381213
2020-05-28,9184.944998
2020-05-29,9528.355629
2020-05-30,9438.914009
2020-05-31,9700.105697
2020-06-01,9463.605662
2020-06-02,10162.97314
2020-06-03,9533.760493
2020-06-04,9655.854453
2020-06-05,9800.215477
2020-06-06,9664.904775
2020-06-07,9653.003325
2020-06-08,9760.063252
2020-06-09,9774.359936
2020-06-10,9794.119511
2020-06-11,9870.078529
2020-06-12,9320.690855
2020-06-13,9480.73575
2020-06-14,9477.554037
2020-06-15,9386.035291
2020-06-16,9454.266431
2020-06-17,9533.783751
2020-06-18,9481.567062
2020-06-19,9410.294348
2020-06-20,9290.96028
2020-06-21,9330.926478
2020-06-22,9300.915458
2020-06-23,9644.075942
2020-06-24,9632.149579
2020-06-25,9314.126889
2020-06-26,9260.994994
2020-06-27,9167.824278
2020-06-28,9048.460837
2020-06-29,9140.029071
2020-06-30,9185.581261
2020-07-01,9145.985055
2020-07-02,9231.139653
2020-07-03,9124.842646
2020-07-04,9084.233734
2020-07-05,9126.090803
2020-07-06,9072.850074
2020-07-07,9349.161374
2020-07-08,9253.020154
2020-07-09,9427.993877
2020-07-10,9273.356995
2020-07-11,9277.511963
2020-07-12,9241.055044
2020-07-13,9277.20466
2020-07-14,9238.703228
2020-07-15,9241.897
2020-07-16,9191.980234
2020-07-17,9131.812141
2020-07-18,9151.184048
2020-07-19,9158.006035
2020-07-20,9187.22037
2020-07-21,9162.514482
2020-07-22,9375.080464
2020-07-23,9527.141996
2020-07-24,9585.514802
2020-07-25,9539.485515
2020-07-26,9680.234831
2020-07-27,9905.217914
2020-07-28,11017.46385
2020-07-29,10912.95296
2020-07-30,11099.83289
2020-07-31,11110.21094
2020-08-01,11322.5705
2020-08-02,11758.76467
2020-08-03,11043.76888
2020-08-04,11246.20325
2020-08-05,11203.8231
2020-08-06,11749.87133
2020-08-07,11778.89428
2020-08-08,11604.55335
2020-08-09,11737.32523
2020-08-10,11662.25693
2020-08-11,11881.64754
2020-08-12,11404.59688
2020-08-13,11588.40551
2020-08-14,11772.65939
2020-08-15,11768.69714
2020-08-16,11866.68558
2020-08-17,11895.65777
2020-08-18,12251.89597
2020-08-19,11990.88478
2020-08-20,11761.49974
2020-08-21,11878.02644
2020-08-22,11585.47753
2020-08-23,11679.69596
2020-08-24,11663.68955
2020-08-25,11773.58935
2020-08-26,11366.89493
2020-08-27,11485.6084
2020-08-28,11325.2956
2020-08-29,11541.05433
2020-08-30,11508.71397
2020-08-31,11713.30627
2020-09-01,11679.31666
2020-09-02,11964.8228
2020-09-03,11407.19108
2020-09-04,10230.36516
2020-09-05,10512.5302
2020-09-06,10167.21676
2020-09-07,10280.99762
2020-09-08,10369.30697
2020-09-09,10134.15151
2020-09-10,10242.33013
2020-09-11,10369.02839
2020-09-12,10409.86179
2020-09-13,10452.39903
2020-09-14,10328.73411
2020-09-15,10677.75485
2020-09-16,10797.76202
2020-09-17,10973.25223
2020-09-18,10951.82002
2020-09-19,10933.75265
2020-09-20,11095.86979
2020-09-21,10934.92553
2020-09-22,10459.62451
2020-09-23,10535.49244
2020-09-24,10248.78656
2020-09-25,10761.10979
2020-09-26,10695.57508
2020-09-27,10746.89276
2020-09-28,10776.61364
2020-09-29,10709.65002
2020-09-30,10843.87075
2020-10-01,10795.25474
2020-10-02,10619.82122
2020-10-03,10575.10064
2020-10-04,10550.44067
2020-10-05,10676.52896
2020-10-06,10796.30685
2020-10-07,10603.35547
2020-10-08,10669.37116
2020-10-09,10927.91292
2020-10-10,11059.14269
2020-10-11,11296.08178
2020-10-12,11392.63622
2020-10-13,11548.71976
2020-10-14,11429.0478
2020-10-15,11426.6026
2020-10-16,11502.82813
2020-10-17,11322.12269
2020-10-18,11355.98227
2020-10-19,11495.03794
2020-10-20,11745.97493
2020-10-21,11913.07749
2020-10-22,12801.63536
2020-10-23,12971.54848
2020-10-24,12931.57391
2020-10-25,13108.06314
2020-10-26,13031.20125
2020-10-27,13075.24249
2020-10-28,13654.21446
2020-10-29,13271.29898
2020-10-30,13437.87354
2020-10-31,13546.53265
2020-11-01,13780.99481
2020-11-02,13737.03221
2020-11-03,13550.45088
2020-11-04,13950.48791
2020-11-05,14133.73388
2020-11-06,15579.72924
2020-11-07,15565.88058
2020-11-08,14833.75408
2020-11-09,15479.59572
2020-11-10,15332.35037
2020-11-11,15290.90879
2020-11-12,15701.29907
2020-11-13,16276.44048
2020-11-14,16317.80834
2020-11-15,16068.13999
2020-11-16,15955.57698
2020-11-17,16685.69093
2020-11-18,17645.19047
2020-11-19,17803.86175
2020-11-20,17817.08366
2020-11-21,18621.31588
2020-11-22,18642.23299
2020-11-23,18370.01734
2020-11-24,18365.01469
2020-11-25,19104.40961
2020-11-26,18729.84059
2020-11-27,17153.91312
2020-11-28,17112.93424
2020-11-29,17719.63461
2020-11-30,18178.32212
2020-12-01,19633.77045
2020-12-02,18801.74359
2020-12-03,19205.9254
2020-12-04,19446.96642
2020-12-05,18698.38528
2020-12-06,19154.18059
2020-12-07,19343.1288
2020-12-08,19191.52946
2020-12-09,18320.88478
2020-12-10,18553.29973
2020-12-11,18263.92925
2020-12-12,18051.31999
2020-12-13,18806.76648
2020-12-14,19144.49246
2020-12-15,19246.91998
2020-12-16,19418.8184
2020-12-17,21308.3514
2020-12-18,22806.79637
2020-12-19,23132.86512
2020-12-20,23861.76574
2020-12-21,23474.45541
2020-12-22,22794.0396
2020-12-23,23781.97439
2020-12-24,23240.20362
2020-12-25,23733.56955
2020-12-26,24677.01606
2020-12-27,26439.37329
2020-12-28,26280.82142
2020-12-29,27081.80973
2020-12-30,27360.08971
2020-12-31,28841.57376
2021-01-01,28994.00892
2021-01-02,29376.45583
2021-01-03,32129.40736
2021-01-04,32810.94764
2021-01-05,31977.04113
2021-01-06,34013.61453
2021-01-07,36833.87436
2021-01-08,39381.76584
2021-01-09,40788.64052
2021-01-10,40254.2178
2021-01-11,38346.5295
2021-01-12,35516.36114
2021-01-13,33915.11958
2021-01-14,37325.10763
2021-01-15,39156.70809
2021-01-16,36821.64873
2021-01-17,36163.64923
2021-01-18,35792.23667
2021-01-19,36642.23272
2021-01-20,36050.1127
2021-01-21,35549.39741
2021-01-22,30817.62519
2021-01-23,32985.75691
2021-01-24,32064.37632
2021-01-25,32285.79891
2021-01-26,32358.61317
2021-01-27,32564.03024
2021-01-28,30441.04182
2021-01-29,34318.67169
2021-01-30,34295.93504
2021-01-31,34270.87759
2021-02-01,33114.57724
2021-02-02,33533.20067
2021-02-03,35510.82121
2021-02-04,37475.10403
2021-02-05,36931.54565
2021-02-06,38138.38834
2021-02-07,39250.19051
2021-02-08,38886.82729
2021-02-09,46184.99147
2021-02-10,46469.7612
2021-02-11,44898.71161
2021-02-12,47877.03437
2021-02-13,47491.20256
2021-02-14,47114.50959
2021-02-15,48696.53666
2021-02-16,47944.45801
2021-02-17,49207.27643
2021-02-18,52140.97272
2021-02-19,51675.98129
2021-02-20,55887.33571
2021-02-21,56068.56825
2021-02-22,57532.73886
2021-02-23,54204.92976
2021-02-24,48835.08766
2021-02-25,49709.08242
2021-02-26,47180.46405
2021-02-27,46344.77224
2021-02-28,46194.01635
2021-03-01,45159.50305
2021-03-02,49612.10704
2021-03-03,48415.81498
2021-03-04,50522.30503
2021-03-05,48527.03198
2021-03-06,48899.23078
2021-03-07,48918.68026
2021-03-08,51174.11695
2021-03-09,52272.96978
2021-03-10,54824.0112
2021-03-11,55963.18009
2021-03-12,57821.21875
2021-03-13,57343.37025
2021-03-14,61221.1343
2021-03-15,59267.42905
2021-03-16,55840.79
2021-03-17,56825.8289
2021-03-18,58893.07806
2021-03-19,57850.44064
2021-03-20,58332.26221
2021-03-21,58309.91303
2021-03-22,57517.89149
2021-03-23,54511.66203
2021-03-24,54710.48908
2021-03-25,52726.74557
2021-03-26,51683.01009
2021-03-27,55137.56724
2021-03-28,55974.94119
2021-03-29,55947.89897
2021-03-30,57750.13284
2021-03-31,58930.27778
2021-04-01,58926.56415
2021-04-02,59098.87907
2021-04-03,59397.40846
2021-04-04,57604.83862
2021-04-05,58760.87326
2021-04-06,59171.93202
2021-04-07,58186.50853
2021-04-08,56099.91311
2021-04-09,58326.56362
2021-04-10,58253.77681
2021-04-11,59846.23079
2021-04-12,60175.94476
2021-04-13,59890.01779
2021-04-14,63523.75487
2021-04-15,63075.19622
2021-04-16,63258.50517
2021-04-17,61529.921
2021-04-18,60701.88609
2021-04-19,56191.58411
2021-04-20,55681.79251
2021-04-21,56471.12772
2021-04-22,53857.10689
2021-04-23,51739.80693
2021-04-24,51143.22627
2021-04-25,50052.83165
2021-04-26,49077.79236
2021-04-27,54030.30372
2021-04-28,55036.63742
2021-04-29,54858.09149
2021-04-30,53568.66358
2021-05-01,57714.66486
2021-05-02,57825.86282
2021-05-03,56620.27262
2021-05-04,57214.17876
2021-05-05,53252.16476
2021-05-06,57441.30708
2021-05-07,56413.95355
2021-05-08,57352.76595
2021-05-09,58877.3887
2021-05-10,58250.87253
2021-05-11,55847.24104
2021-05-12,56714.53317
2021-05-13,49735.43206
2021-05-14,49682.98186
2021-05-15,49855.49465
2021-05-16,46716.63799
2021-05-17,46415.89925
2021-05-18,43488.05799
2021-05-19,42944.97545
2021-05-20,36753.66971
2021-05-21,40596.94832
2021-05-22,37371.02991
2021-05-23,37531.44845
2021-05-24,34700.36357
2021-05-25,38795.78025
2021-05-26,38392.62366
2021-05-27,39316.88968
2021-05-28,38507.08308
2021-05-29,35684.15688
2021-05-30,34607.40598
2021-05-31,35658.59296
2021-06-01,37293.79237
2021-06-02,36699.92292
2021-06-03,37599.40994
2021-06-04,39242.48626
2021-06-05,36880.15597
2021-06-06,35538.60873
2021-06-07,35835.26551
2021-06-08,33589.52086
2021-06-09,33416.97785
2021-06-10,37389.51565
2021-06-11,36697.03129
2021-06-12,37340.14284
2021-06-13,35555.79014
2021-06-14,39016.97018
2021-06-15,40427.16992
2021-06-16,40168.69037
2021-06-17,38341.4238
2021-06-18,38099.47705
2021-06-19,35854.52922
2021-06-20,35563.13941
2021-06-21,35641.14606
2021-06-22,31622.37709
2021-06-23,32515.7143
2021-06-24,33682.8004
2021-06-25,34659.1045
2021-06-26,31594.66357
2021-06-27,32287.52321
2021-06-28,34679.12222
2021-06-29,34475.5597
2021-06-30,35908.38805
2021-07-01,35035.98271
2021-07-02,33549.60018
2021-07-03,33854.42136
2021-07-04,34665.56487
2021-07-05,35284.34443
2021-07-06,33723.50966
2021-07-07,34225.68033
2021-07-08,33889.60635
2021-07-09,32861.67129
2021-07-10,33811.24302
2021-07-11,33509.07726
2021-07-12,34254.01659
2021-07-13,33125.46869
2021-07-14,32723.84605
2021-07-15,32827.87455
2021-07-16,31841.55132
2021-07-17,31397.3086
2021-07-18,31533.88472
2021-07-19,31800.01264
2021-07-20,30838.28525
2021-07-21,29796.28569
2021-07-22,32138.87281
2021-07-23,32305.95885
2021-07-24,33593.72941
2021-07-25,34290.29139
2021-07-26,35384.02988
2021-07-27,37276.03603
2021-07-28,39503.18569
2021-07-29,39995.45199
2021-07-30,40027.48332
2021-07-31,42196.30389
2021-08-01,41460.84408
2021-08-02,39907.26285
2021-08-03,39178.40357
2021-08-04,38213.33197
2021-08-05,39744.51416
2021-08-06,40865.86692
2021-08-07,42832.79664
2021-08-08,44574.43859
2021-08-09,43791.92742
2021-08-10,46280.84767
2021-08-11,45599.70403
2021-08-12,45576.88033
2021-08-13,44439.69279
2021-08-14,47810.68929
2021-08-15,47096.66857
2021-08-16,47019.96132
2021-08-17,45936.45634
2021-08-18,44686.75081
2021-08-19,44741.88335
2021-08-20,46723.12115
2021-08-21,49327.07373
2021-08-22,48869.10424
2021-08-23,49291.67737
2021-08-24,49562.34673
2021-08-25,47727.25669
2021-08-26,49002.64181
2021-08-27,46894.55507
2021-08-28,49072.58522
2021-08-29,48911.24836
2021-08-30,48834.85268
2021-08-31,47024.34166
2021-09-01,47099.77487
2021-09-02,48807.84886
2021-09-03,49288.24911
2021-09-04,50009.3251
2021-09-05,49937.85802
2021-09-06,51769.00432
2021-09-07,52660.47935
2021-09-08,46827.76337
2021-09-09,45774.74222
2021-09-10,46396.66247
2021-09-11,44869.84026
2021-09-12,45206.62927
2021-09-13,46057.21533
2021-09-14,44960.04936
2021-09-15,47097.99812
2021-09-16,48158.9072
2021-09-17,47771.00311
2021-09-18,47273.52581
2021-09-19,48268.85742
2021-09-20,47261.4065
2021-09-21,43012.23444
2021-09-22,40677.95483
2021-09-23,43560.29537
2021-09-24,44894.30212
2021-09-25,42840.89051
2021-09-26,42721.62866
2021-09-27,43234.18493
2021-09-28,42200.89661
2021-09-29,41064.98395
2021-09-30,41551.27084
2021-10-01,43816.74064
2021-10-02,48137.46873
2021-10-03,47680.02841
2021-10-04,48208.90763
2021-10-05,49174.95962
2021-10-06,51486.66574
2021-10-07,55338.62374
2021-10-08,53802.14604
2021-10-09,53929.78147
2021-10-10,54952.82125
2021-10-11,54734.12484
2021-10-12,57526.83201
2021-10-13,56038.25679
2021-10-14,57372.83208
2021-10-15,57345.90198
2021-10-16,61609.52715
2021-10-17,60887.65305
2021-10-18,61548.80343
2021-10-19,62043.16584
2021-10-20,64284.58619
2021-10-21,66002.2322
2021-10-22,62237.89107
2021-10-23,60694.62798
2021-10-24,61368.34317
2021-10-25,60893.92758
2021-10-26,63032.76251
2021-10-27,60351.99862
2021-10-28,58470.72958
2021-10-29,60624.87076
2021-10-30,62239.36221
2021-10-31,61850.48946
2021-11-01,61320.44949
2021-11-02,60963.25415
2021-11-03,63254.33488
2021-11-04,62941.80403
2021-11-05,61460.07904
2021-11-06,61068.87345
2021-11-07,61554.92181
2021-11-08,63344.06722
2021-11-09,67549.73558
2021-11-10,66953.33937
2021-11-11,64978.8903
2021-11-12,64863.98035
2021-11-13,64158.12268
2021-11-14,64455.37164
2021-11-15,65521.28934
2021-11-16,63721.19519
2021-11-17,60139.62011
2021-11-18,60360.13769
2021-11-19,56896.12868
2021-11-20,58115.08035
2021-11-21,59730.50797
2021-11-22,58706.84938
2021-11-23,56304.55539
2021-11-24,57565.85011
2021-11-25,57165.41727
2021-11-26,58960.28518
2021-11-27,53736.43153
2021-11-28,54813.0247
2021-11-29,57291.90473
2021-11-30,57830.11382
2021-12-01,56907.96673
2021-12-02,57217.37105
2021-12-03,56509.16536
2021-12-04,53727.87809
2021-12-05,49201.5184
2021-12-06,49413.4791
2021-12-07,50581.83005
2021-12-08,50667.64768
2021-12-09,50450.08205
2021-12-10,47642.14355
2021-12-11,47264.6347
2021-12-12,49354.85494
2021-12-13,50114.74099
2021-12-14,46709.82246
2021-12-15,48379.75423
2021-12-16,48900.46291
2021-12-17,47653.72985
2021-12-18,46219.25542
2021-12-19,46853.868
2021-12-20,46707.06445
2021-12-21,46886.07746
2021-12-22,48937.09634
2021-12-23,48626.34378
2021-12-24,50806.0505
2021-12-25,50854.91867
2021-12-26,50428.6927
2021-12-27,50802.60893
2021-12-28,50679.85938
2021-12-29,47623.87046
2021-12-30,46490.60605
2021-12-31,47169.37286
2022-01-01,46311.74466
2022-01-02,47680.92662
2022-01-03,47343.54377
2022-01-04,46458.85144
2022-01-05,45899.35874
2022-01-06,43565.51173
2022-01-07,43153.57088
2022-01-08,41561.46587
2022-01-09,41734.72756
2022-01-10,41910.23083
2022-01-11,41819.50697
2022-01-12,42742.17841
2022-01-13,43946.74172
2022-01-14,42598.87289
2022-01-15,43101.89961
2022-01-16,43172.03889
2022-01-17,43118.1201
2022-01-18,42250.07314
2022-01-19,42374.04061
2022-01-20,41744.02806
2022-01-21,40699.60698
2022-01-22,36471.59
2022-01-23,35047.36029
2022-01-24,36275.73295
2022-01-25,36654.80592
2022-01-26,36950.51483
2022-01-27,36841.88061
2022-01-28,37128.4442
2022-01-29,37780.71379
2022-01-30,38151.91882
2022-01-31,37920.28099
2022-02-01,38481.76537
2022-02-02,38743.71343
2022-02-03,36944.80524
2022-02-04,37149.26414
2022-02-05,41501.48057
2022-02-06,41441.12079
2022-02-07,42406.78133
2022-02-08,43854.65362
2022-02-09,44096.70449
2022-02-10,44347.79883
2022-02-11,43571.13046
2022-02-12,42412.30031
2022-02-13,42236.56643
2022-02-14,42157.39915
2022-02-15,42586.46461
2022-02-16,44578.27621
2022-02-17,43937.07162
2022-02-18,40552.13257
2022-02-19,40026.02251
2022-02-20,40118.10062
2022-02-21,38423.20987
2022-02-22,37068.77144
2022-02-23,38285.28261
2022-02-24,37278.56507
2022-02-25,38333.74714
2022-02-26,39213.08378
2022-02-27,39098.69891
2022-02-28,37706.00127
2022-03-01,43194.50421
2022-03-02,44357.61524
2022-03-03,43925.19506
2022-03-04,42458.14112
2022-03-05,39148.44971
2022-03-06,39404.19892
2022-03-07,38429.30278
2022-03-08,38059.90429
2022-03-09,38742.81608
2022-03-10,41974.06924
2022-03-11,39439.96953
2022-03-12,38794.46319
2022-03-13,38884.72485
2022-03-14,37846.31644
2022-03-15,39664.25003
2022-03-16,39335.5694
2022-03-17,41140.84
2022-03-18,40944.84168
2022-03-19,41794.64783
2022-03-20,42191.40531
2022-03-21,41246.13285
2022-03-22,41074.10452
2022-03-23,42364.37805
2022-03-24,42886.65422
2022-03-25,43964.54622
2022-03-26,44349.85843
2022-03-27,44505.3571
2022-03-28,46821.85025
2022-03-29,47100.4386
2022-03-30,47456.89703
2022-03-31,47062.14656
2022-04-01,45554.16381
2022-04-02,46285.49806
2022-04-03,45859.1287
2022-04-04,46445.27162
2022-04-05,46624.50708
2022-04-06,45544.35562
2022-04-07,43207.49887
2022-04-08,43505.1368
2022-04-09,42282.07939
2022-04-10,42781.09046
2022-04-11,42201.03823
2022-04-12,39533.71331
2022-04-13,40123.56976
2022-04-14,41160.21915
2022-04-15,39939.40396
2022-04-16,40552.31769
2022-04-17,40417.77627
2022-04-18,39721.20292
2022-04-19,40828.1742
2022-04-20,41501.74424
2022-04-21,41371.51505
2022-04-22,40525.86192
2022-04-23,39738.72327
2022-04-24,39478.37344
2022-04-25,39472.60737
2022-04-26,40448.42267
2022-04-27,38120.30263
2022-04-28,39241.42853
2022-04-29,39768.61582
2022-04-30,38605.85881
2022-05-01,37713.26509
2022-05-02,38472.18715
2022-05-03,38528.11004
2022-05-04,37748.01185
2022-05-05,39695.74635
2022-05-06,36573.18236
2022-05-07,36042.50369
2022-05-08,35502.9402
2022-05-09,34060.01548
2022-05-10,30273.65422
2022-05-11,31016.18275
2022-05-12,28936.73393
2022-05-13,29030.91039
2022-05-14,29285.643
2022-05-15,30098.58663
2022-05-16,31304.37414
2022-05-17,29862.40819
2022-05-18,30424.47922
2022-05-19,28720.35856
2022-05-20,30311.11935
2022-05-21,29199.85901
2022-05-22,29432.4724
2022-05-23,30309.39648
2022-05-24,29101.12529
2022-05-25,29653.13529
2022-05-26,29564.77651
2022-05-27,29251.14086
2022-05-28,28842.10384
2022-05-29,29019.86741
2022-05-30,29443.36571
2022-05-31,31723.8651
2022-06-01,31792.55381
2022-06-02,29794.89008
2022-06-03,30467.80684
